,volt_measured,volt_measured_time,current_measured,current_measured_time,temperature_measured,temperature_measured_time,current_charge,current_charge_time,voltage_charge,voltage_charge_time,volt_discharge_measured,volt_discharge_measured_time,current_discharge_measured,current_discharge_measured_time,temperature_discharge_measured,temperature_discharge_measured_time,current_load,current_load_time,voltage_load,voltage_load_time,capacity
0,0.08061372298879138,0.9282678678152134,0.4800576965315987,0.9259405217634078,0.5371470177788665,0.9920927656108334,0.545454545454551,0.9259405217634078,0.1818181818181647,0.9236223546200955,0.8860853010649057,0.0,0.3502496947027025,0.0,0.0,0.0,0.0,,,0.0,0.0
1,0.9996802373753736,0.9512839071057201,0.9959832788035092,0.9506528184297366,0.907591522118145,0.0043190220363772056,0.9946839358206071,0.9506528184297366,0.9931309843696781,0.950044096742433,0.9884514426697519,0.915030848342388,0.011048859164917522,0.9145788531748873,0.8744831846355958,0.9145788531748873,0.6666666666666667,,,0.7369759027784213,0.9132100371722424
2,0.9997399006181141,0.9386849106233642,0.9896560443305594,0.9381420616470975,0.9046053540237988,0.003936749159575292,0.9883046588053355,0.9381420616470975,0.9931309843696781,0.9293461074390005,0.9787290333787055,0.9065987951244571,0.015745018117997566,0.9062300808934068,0.8812307011396898,0.9062300808934068,0.0006,,,0.738155550276513,0.9037422083926386
3,0.9997263682201246,0.9212680469364576,0.997766475763923,0.9207471279149868,0.899660112058684,0.006394109747640356,0.9946839358206071,0.9207471279149868,0.9943798963024637,0.9217359809829989,0.986947136622247,0.8942116044655001,0.010318152400115573,0.8939703629465244,0.8826667421568398,0.8939703629465244,0.0006,,,0.7377846360124071,0.8903608975919152
4,0.9996884939989579,0.9087949069369977,0.9923820578368997,0.9082863805342871,0.8857492225131909,0.0065495552106302835,0.9925575101488499,0.9082863805342871,0.9931309843696781,0.9045927227487188,0.9226000620317973,0.8879243196558224,0.017986596891353658,0.8877245328942659,0.8818160060901263,0.8877245328942659,0.0006,,,0.7353936968986278,0.8771822964734072
5,0.9996808191614107,0.8667657609318677,0.9992841682784186,0.8663475770625517,0.8627315865841353,0.766737330893914,0.9989367871641215,0.8663475770625517,0.9931309843696781,0.8575669956966784,0.9831533607714367,0.865042177562609,0.01245701368361557,0.8650222635836494,0.8805308009495244,0.8650222635836494,0.0006,,,0.7329179967555738,0.8161540186601444
6,0.9997330022821125,0.8681709104608596,0.9956232641118741,0.8677997403297963,0.8675189806112036,0.008440858649649467,0.9957471486564856,0.8677997403297963,0.9943798963024637,0.8681333994175072,0.9734387291425893,0.860592359666131,0.015796022723273653,0.8606468609062925,0.8795647806179216,0.8606468609062925,0.0006,,,0.7311203848467169,0.8167144507331817
7,0.9997736288720748,0.86082392538628,0.9948895703936436,0.8604360867949123,0.8796809226538557,0.008610490397611291,0.9978735743282428,0.8604360867949123,0.9943798963024637,0.8620606833378859,0.9763305603248268,0.8568718783385886,0.02120039933346664,0.856924332450426,0.8881077723291366,0.856924332450426,0.0006,,,0.7312865164640953,0.8076296463893764
8,0.9997023615947117,0.8556981674275788,0.9922209614520587,0.8553458714464385,0.8776266382859874,0.00878495151918057,0.9925575101488499,0.8553458714464385,0.9943798963024637,0.8520026461190847,0.9697797742300381,0.8506826071389655,0.00988600490562297,0.8507861693750447,0.8866566727269181,0.8507861693750447,0.0006,,,0.7314594289638155,0.8001424900021424
9,0.9996753720434964,0.8437664606638992,0.9913373932455674,0.8434444120219934,0.8736802650372809,0.008021004981651435,0.9914942973129711,0.8434444120219934,0.9943798963024637,0.8386620620359263,0.9919127396646884,0.8435385680672811,0.014308317223023668,0.8437070656453576,0.8815030852355513,0.8437070656453576,0.0006,,,0.730131506171846,0.792117423613735
10,0.9997213435080298,0.8351756133104276,0.9917493287125834,0.8350209677480442,0.8555214277743582,0.8876838616831424,0.9914942973129711,0.8350209677480442,0.9954206562464522,0.8399410279290224,0.9708565015543862,0.841629032323159,0.00898794481026976,0.8418372109671415,0.8863108469736322,0.8418372109671415,0.0006,,,0.7291885114674891,0.789479875506363
11,0.9997079244402738,0.8463150709734725,0.9887583129813322,0.8461823686628606,0.8804318916845815,0.009223519009907487,0.9914942973129711,0.8461823686628606,0.9943798963024637,0.8409717623827534,0.9549670270021882,0.8406921375211667,0.0066080909042653836,0.8409334955973943,0.8822239505341224,0.8409334955973943,0.0006,,,0.7288318370563014,0.7943007152835307
12,0.9997307846979698,0.8334399965984134,0.9925938851684425,0.8332201071542931,0.87424381905216,0.007445705850663473,0.9946839358206071,0.8332201071542931,0.9943798963024637,0.8316542629905213,0.9781747126960612,0.8341338739072204,0.016118924950576652,0.8344906578853175,0.8759160411179869,0.8344906578853175,0.0006,,,0.7283092570571468,0.7867380813689487
13,0.9997502323286531,0.8305280874883302,0.9934059019839492,0.8303140157631662,0.8732267153444693,0.006577927780574074,0.9957471486564856,0.8303140157631662,0.9943798963024637,0.8312624472544793,0.9646350860466064,0.8318092216969827,0.008389740284815421,0.8321998711432458,0.8765020913308672,0.8321998711432458,0.0006,,,0.7270339991180337,0.7837806548472458
14,0.9997062350062895,0.819942115789961,0.9907367426851067,0.8197556050772346,0.8718548300104576,0.009633713930690615,0.9925575101488499,0.8197556050772346,0.9943798963024637,0.8165172667101983,0.9869902588672737,0.8243769073016104,0.013289327616807655,0.8248619085117044,0.872641925460344,0.8248619085117044,0.0006,,,0.7259745992668057,0.7817832188239843
15,0.9997544223971956,0.8181378718365289,0.9923589365122789,0.8179923237206355,0.8880434849107025,0.8486054759591757,0.9946839358206071,0.8179923237206355,0.9943798963024637,0.8159111004859468,0.9915402223070483,0.8220707047120909,0.015057228488930543,0.8225711217696327,0.8684608321503425,0.8225711217696327,0.0008999999999999999,,,0.726878716912402,0.7915965489296437
16,0.9997143860825264,0.8533107397584341,0.9960766112537784,0.853119880766286,0.9197741052028282,0.00787491643002595,0.9989367871641215,0.853119880766286,0.9943798963024637,0.8457936678461847,0.9245802579006995,0.8345391890123284,0.009832711545693719,0.8349831770348628,0.8761942118094622,0.8349831770348628,0.0008999999999999999,,,0.7289731054384258,0.8168415306315162
17,0.99967995238745,0.8681795291700577,0.9946561521311436,0.8679718431850206,0.9462985131728376,0.007002610822179564,0.9957471486564856,0.8679718431850206,0.9954206562464522,0.8688254721300834,0.9340349433141615,0.8419438289766283,0.011107772947910625,0.8423921540554085,0.8788478508283255,0.8423921540554085,0.0008999999999999999,,,0.7310566445527024,0.8375137574504564
18,0.9997355740250066,0.8235284784860247,0.9901369237452052,0.8234223837845523,0.8956898472512919,0.01014804221988447,0.9914942973129711,0.8234223837845523,0.9943798963024637,0.8183211636064041,0.9743547165168047,0.8224316254173506,0.01189479360352105,0.8230098074307395,0.8690855605162258,0.8230098074307395,0.0008999999999999999,,,0.7274191532350572,0.8036588111022595
19,0.9997167668563094,0.8083010218473453,0.995160478799648,0.808263089513446,0.879276407970009,0.00712515617746871,0.9978735743282428,0.808263089513446,0.9954206562464522,0.8100409524478979,0.961308769962956,0.814494829205519,0.017852563412006917,0.8151529816021189,0.8689295589325391,0.8151529816021189,0.0008999999999999999,,,0.7240852194169209,0.7817803414737056
20,0.9998535561522974,0.788092915047473,0.9914467872555508,0.7881017430072403,0.8590000826106626,0.8443846034262609,0.9914942973129711,0.7881017430072403,0.9943798963024637,0.7837523120992601,0.9822586599679657,0.8055669424308414,0.007170873631950345,0.8063030997208104,0.8647630745837038,0.8063030997208104,0.0006,,,0.7220260914790754,0.7719054278950607
21,0.9997719529280159,0.9939683448572004,0.9904688963880109,0.9935975308286666,0.9573840431944648,1.0,0.9914942973129711,0.9935975308286666,0.9943798963024637,0.9908215663551538,0.9388829802598303,0.8929599130100383,0.004222276570614366,0.8931204810652158,0.908380608696848,0.8931204810652158,0.0,,,0.7289943522030973,0.8970724632243534
22,0.9996722889466194,0.9206493579802213,0.9887028168887692,0.9204249050310986,0.907883125572452,0.9551193651569603,0.9883046588053355,0.9204249050310986,0.9943798963024637,0.925902123020312,0.9629920119251432,0.8661774057873002,0.019353680177306702,0.8665977521655094,0.9046476061300377,0.8665977521655094,0.0006,,,0.7352702848400039,0.8617857743522226
23,0.9997294866468881,0.8840246842273867,0.9916152064550917,0.8838986516881354,0.89227180143873,0.9307506966748533,0.9914942973129711,0.8838986516881354,0.9943798963024637,0.8814843661993332,0.9350390891792506,0.8510879222440735,0.022033669796418038,0.8515822177679147,0.9043209811979062,0.8515822177679147,0.0006,,,0.733521947342832,0.8322513312161617
24,0.9997202291675109,0.8590547429458197,0.9941442636849288,0.8589970358517105,0.8889112767165982,0.9022787858274682,0.9946839358206071,0.8589970358517105,0.9943798963024637,0.8593827692336163,0.9851899081451572,0.8362232934533251,0.019536966565555435,0.8368438685661106,0.9022917023478894,0.8368438685661106,0.0006,,,0.731212152787745,0.8160816309311678
25,0.9997647219063028,0.8547962752632464,0.9958337972922663,0.8547534968006473,0.8932812145132242,0.9067656363216413,0.9957471486564856,0.8547534968006473,0.9954206562464522,0.8565995242041387,0.9315192312693097,0.8341696200473578,0.01851210643173741,0.8348485933137662,0.9101035722392894,0.8348485933137662,0.0006,,,0.7296548101432054,0.8134741764707171
26,0.9998532978091924,0.8435819212440758,0.9973318293504254,0.8436053183790809,0.8995189469338839,0.900240962407568,0.9978735743282428,0.8436053183790809,0.9943798963024637,0.8343461138731776,0.9474953900380189,0.829899109402215,0.022053601211711633,0.8306604624525735,0.9079887148798377,0.8306604624525735,0.0006,,,0.7273343922057826,0.815262023270921
27,0.9996752640802358,0.8519475016750463,0.9912649797688048,0.8519730808418848,0.9157584745527481,0.886183013285584,0.9914942973129711,0.8519730808418848,0.9943798963024637,0.8457195663616351,0.9841483829986861,0.8280074467281616,0.02053861669996141,0.8287906077743575,0.9085527002142462,0.8287906077743575,0.0006,,,0.727864205146102,0.8197606889937116
28,0.9998201604152216,0.8405693139904246,0.9947125433726516,0.8406176065621012,0.902390244474213,0.8846998296030346,0.9957471486564856,0.8406176065621012,0.9954206562464522,0.8389701465606967,0.9400136405029244,0.8247286031965121,0.018841611310925165,0.8255422721740998,0.9085378058677094,0.8255422721740998,0.0006,,,0.7256073014732822,0.8093765110640518
29,0.9996863049472013,0.8187061742566504,0.9884758414227951,0.8188234199181382,0.8858915626776388,0.8694094825080634,0.9904310844770926,0.8188234199181382,0.9943798963024637,0.8120866310076068,0.9490120264020472,0.8149629883311915,0.016796106973501534,0.8158596893120481,0.9034985041371394,0.8222309399384351,0.0006,,,0.7256778226496388,0.7919510095181574
30,0.9997521851481388,0.8118947996790135,0.9980525172645521,0.8120252406298591,0.8795690624085511,0.8796583393715108,0.9989367871641215,0.8120252406298591,0.9943798963024637,0.8034838736437667,0.9095548166569258,0.8118375072717451,0.018619016995673168,0.8127906077743574,0.9084131789145794,0.8127906077743574,0.0006,,,0.7235131389766699,0.7815099852523759
31,0.9997867430360761,0.7997807693888767,0.989272629520176,0.7999795836283368,0.8870636044532072,0.8628378052264181,0.9914942973129711,0.7999795836283368,0.9954206562464522,0.7911618912492633,0.964989387076749,0.8076753881483096,0.030046082221817382,0.8086837998425085,0.9043044721982154,0.8086837998425085,0.0006,,,0.7207230319223598,0.7837412684179491
32,0.9997252289791465,0.8188007710905103,0.9959973206563388,0.8189740709778891,0.9062834122790724,0.8687650815010265,0.9978735743282428,0.8189740709778891,0.9954206562464522,0.8068869220390815,0.9727888177232357,0.8122341741171424,0.02824887253892628,0.8132292934354642,0.9073574074947205,0.8132292934354642,0.0006,,,0.7214259833918109,0.801885810032765
33,0.9998067696870366,0.8106304224230382,0.994053976116378,0.8108389137513408,0.8962107241418533,0.8634439970443317,0.9946839358206071,0.8108389137513408,0.9954206562464522,0.8118777358170307,0.9324367296155803,0.8085402141193795,0.02030357503934139,0.8095783520652874,0.9095893141513264,0.8095783520652874,0.0006,,,0.7211045695688014,0.7908648266900419
34,0.9997002528190777,0.788119596282112,0.99577339135547,0.7883919058484572,0.885137758272322,0.8492056156403774,0.9978735743282428,0.7883919058484572,0.9954206562464522,0.7909023916036059,0.9918751877378303,0.7985947154520763,0.0255576679281024,0.7997354141312908,0.9037001676132252,0.7997354141312908,0.0006,,,0.7192608476600192,0.7798421041340702
35,0.9996734241929728,0.7935663612138539,0.9945078228774784,0.7938277978204288,0.8873778248354606,0.856080540454746,0.9957471486564856,0.7938277978204288,0.9954206562464522,0.7929516696165826,0.906653295250995,0.8010266060827247,0.016811585004756015,0.8021779654950247,0.9121162513651696,0.8021779654950247,0.0006,,,0.718808788837221,0.7755894706137463
36,0.9996808109472896,0.7802008349387355,0.9969824150511271,0.780514261500043,0.8925898806213912,0.8576349873074853,0.9957471486564856,0.780514261500043,0.9954206562464522,0.779434207575236,0.9533486274071522,0.7975857518191615,0.01671811838574554,0.7987864557233875,0.9080353781024821,0.7987864557233875,0.0006,,,0.7169546695755145,0.7715294382682586
37,0.9997621632379198,0.8340978074461729,0.9924375572416714,0.8343032209447381,0.9510723709439037,0.8846619236614442,0.9925575101488499,0.8343032209447381,0.9954206562464522,0.8283180064694142,0.9723503099916251,0.8138825324180016,0.01193967281761837,0.8150012169804568,0.9163006077808932,0.8150012169804568,0.0008999999999999999,,,0.7215247582445923,0.8094825293712954
38,0.9998492571989572,0.8570549772028996,0.9905071610454017,0.8572334475521727,0.9764708749214247,0.894512616514426,0.9904310844770926,0.8572334475521727,0.9964614161904403,0.8512608117895675,0.8569888955222236,0.8238730020358004,0.02314552245284184,0.8249695754885819,0.9310894181126422,0.8249695754885819,0.0008999999999999999,,,0.7221040716260081,0.8200042167813844
39,0.9997305721660433,0.8245310788873477,0.998103296153499,0.824812233110535,0.9292016903642184,0.8726693934848382,0.9978735743282428,0.824812233110535,0.9954206562464522,0.8149649310409849,0.9722450848745098,0.811945322242805,0.01803932170427736,0.8131038728613358,0.9193828819843128,0.8131038728613358,0.0006,,,0.7184909914847939,0.8141631188471505
40,0.9996703271357095,0.7880699520927145,0.9964535816826573,0.7884174584289798,0.9000405178543935,0.84566611043843,0.9978735743282428,0.7884174584289798,0.9954206562464522,0.7782642153594496,0.9944819196519057,0.79510831368737,0.026507904724153694,0.7963971651514067,0.9068031103654648,0.7963971651514067,0.0008999999999999999,,,0.715464231636749,0.7820527719345219
41,0.99976384083981,0.7687795049835647,0.9943440640976837,0.7691719446433551,0.8827273883932841,0.8535411456157216,0.9946839358206071,0.7691719446433551,0.9954206562464522,0.7659229332999387,0.970759112951252,0.7918473432257893,0.026564089423981047,0.7932026630395876,0.9070249443462883,0.7932026630395876,0.0006,,,0.7131793003169158,0.7712028720436349
42,0.9997987652134651,0.8902649029911056,0.9934028129394568,0.8904710847263453,0.9453665128901758,0.9316792406200519,0.9946839358206071,0.8904710847263453,0.9954206562464522,0.8862039518029978,0.9746116443099975,0.8403946373871186,0.010139395961218475,0.8413985253060348,0.9226858518300003,0.8413985253060348,0.0008999999999999999,,,0.717364460898381,0.8439885068390435
43,0.9996737836676819,0.8943216667357201,0.9971726656484009,0.894513724954333,0.9714992381008104,0.9021080574665451,0.9978735743282428,0.894513724954333,0.9977103281232259,0.8975647723845559,0.9045763353398937,0.8446651480322614,0.014731891640710522,0.8457389934855752,0.936296803670452,0.8457389934855752,0.0008999999999999999,,,0.7231777113301536,0.8482292053310396
44,0.9997241667317568,0.8576847990818111,0.9939441018522656,0.8579560124683072,1.0,1.0,0.9957471486564856,0.8579560124683072,0.9964614161904403,0.8607245901609032,0.9704995886873815,0.8261157840541081,0.016365587572988408,0.8273136230224069,0.9220204932604722,0.8273136230224069,0.0006,,,0.7223933892725989,0.8283728947212381
45,0.9997411599993764,1.0,0.9907160323898774,1.0,0.9411270279179234,1.0,0.9946839358206071,1.0,0.9964614161904403,1.0,0.9036425731766121,1.0,0.012444716746205186,1.0,0.9964742626137688,1.0,0.0008999999999999999,,,0.8126392482442599,1.0
46,0.9996756391169026,1.0,0.9914389151295243,1.0,0.9242806463048141,0.9848771852124105,0.9914942973129711,1.0,0.9954206562464522,1.0,0.889556714037785,0.9185441731713225,0.015981638622528636,0.9180007739279721,0.9486885923502066,0.9180007739279721,0.0006,,,0.722842057654226,0.9146348973037663
47,0.9997679910438317,0.98475606124379,0.9937698896827335,0.9845384768110186,0.9153005604859346,0.9519910229790918,0.9957471486564856,0.9845384768110186,0.9954206562464522,0.9852048565183457,0.9452498816734006,0.8930725793348551,0.019319306921978925,0.8927390940250605,0.9374109492653373,0.8927390940250605,0.0006,,,0.7195682476595219,0.8798626308174774
48,0.9999079241369991,0.9486552823108356,0.9892558416714681,0.948535215670962,0.9532510146198182,0.9795507109080288,0.9914942973129711,0.948535215670962,0.9954206562464522,0.9405132889691609,0.992513162599131,0.8752446984765123,0.02462977072244409,0.8751520001725165,0.9324044185727836,0.8751520001725165,0.0006,,,0.719631761924125,0.8529708594809632
49,0.9998277109982099,0.9636366006991762,0.9944522971790866,0.963493134961788,0.9805277270216189,0.99206348192949,0.9978735743282428,0.963493134961788,0.9977103281232259,0.9639928479495055,0.906699168853469,0.8772928873906822,0.018831431734509352,0.8771461226328408,0.9419695527381858,0.8771461226328408,0.0006,,,0.7213764829507144,0.8625654412764892
50,0.9997264099752253,0.9657676786252934,0.9875659936598856,0.965639636138224,0.95497098697124,0.9749238593703353,0.9904310844770926,0.965639636138224,0.9954206562464522,0.9596748908864685,0.945602702944968,0.8796050275155547,0.020839742550857073,0.8794391538068033,0.9442917461310322,0.8794391538068033,0.0006,,,0.7210304319218624,0.8724866307168168
51,0.999714585640579,0.9598239552573758,0.9916771283524954,0.9597244991239252,0.93924109379777,0.9531314372802857,0.9946839358206071,0.9597244991239252,0.9964614161904403,0.960036648830847,0.8980585876500925,0.8752628186969267,0.024853364480797314,0.8751705696517205,0.9491307390289621,0.8751705696517205,0.0008999999999999999,,,0.7209736985396012,0.8676662225717573
52,0.999749731047615,0.9246022681123148,0.9925269348875468,0.9245839909778137,0.9324894129066358,0.9413533188163342,0.9946839358206071,0.9245839909778137,0.9964614161904403,0.9246546750237126,0.9280730397309183,0.857123874054804,0.006084657871987105,0.8571725511948561,0.9399100882002023,0.8571725511948561,0.0006,,,0.7178730270740289,0.8405666823316306
53,0.9996654990419734,0.9064376188567815,0.993063032621867,0.9064993099403703,0.9460688352885689,0.9204684277884975,0.9946839358206071,0.9064993099403703,0.9964614161904403,0.9085664582500977,0.944040613474313,0.8517258603933658,0.010366691000694235,0.8519497354148722,0.9373883493564586,0.8519497354148722,0.0008999999999999999,,,0.7168206341345548,0.8348348068204375
54,0.9996701347784629,0.9071989079164231,0.9929890907739727,0.9072723860998194,0.9584063668425744,0.9510585169734227,0.9946839358206071,0.9072723860998194,0.9964614161904403,0.9071341103743851,0.896115377427594,0.8478282009822368,0.006365362823171434,0.8480932738950261,0.9401489860394215,0.8480932738950261,0.0008999999999999999,,,0.7167037769288614,0.8226251664259919
55,0.9996743115302011,0.9025691721226513,0.9925851506748565,0.9026542500021734,0.9954904953650789,0.9480482254121655,0.9957471486564856,0.9026542500021734,0.9964614161904403,0.902447720866151,0.9007160222001535,0.8493194951223387,0.016808556135698476,0.8495536735821004,0.9415100099832457,0.8495536735821004,0.0008999999999999999,,,0.7153089494311178,0.8317999875820045
56,0.9996883000391139,0.9378324888032599,0.9928779671855561,0.9378504196317652,0.9507734358472313,0.9325047287848012,0.9946839358206071,0.9378504196317652,0.9977103281232259,0.9356191000021018,0.898340390923123,0.8599083479251443,0.018325697584546847,0.8600268598531453,0.9523231302315806,0.8600268598531453,0.0006,,,0.7181978313382094,0.858127841392592
57,0.9996923839363663,0.9164087783552292,0.9929313578983651,0.9164870121626468,0.9186863700933303,0.9077529380701518,0.9946839358206071,0.9164870121626468,0.9964614161904403,0.9185221436714069,0.8629321245504644,0.854689120438461,0.017266825510745484,0.8548980895000977,0.9505304519354572,0.8548980895000977,0.0008999999999999999,,,0.7170500539871248,0.8448468321151986
58,0.9997808718919488,0.8622890535411581,0.9950945311913123,0.8625028830694157,0.9093317150805702,0.8900349996125246,0.9978735743282428,0.8625028830694157,0.9964614161904403,0.864132081465797,0.987273089503582,0.8286322434826098,0.021499096862278026,0.8290841173447322,0.9309766845728217,0.8290841173447322,0.0006,,,0.7138926491392912,0.8090796079075576
59,0.9996890996174338,0.845882144994012,0.9970138231578914,0.8461856750113756,0.8947044587687865,0.9032675030954048,0.9978735743282428,0.8461856750113756,0.9954206562464522,0.8363149868866807,0.9836340847532472,0.823431740223688,0.011311964357304562,0.8239176090178183,0.9292980070244119,0.8239176090178183,0.0006,,,0.7100890262042677,0.7955672589342795
60,0.9998625038220159,0.8239947523787651,0.9932389789883949,0.824359747120004,0.9671051868608282,0.9210866387265167,0.9957471486564856,0.824359747120004,0.9964614161904403,0.8279020010879548,0.9761224284699509,0.8181182875908503,0.01359645480484117,0.8186576542794264,0.9286933634111499,0.8186576542794264,0.0006,,,0.7093225604702134,0.7819183199725986
61,0.9998412545776003,0.8964173010769957,0.9879251444301912,0.896635741661411,1.0,0.9247102759770679,0.9883046588053355,0.896635741661411,0.9977103281232259,0.90066785398114,0.868905452951378,0.8419481894577765,0.010355010494408727,0.8423469186045816,0.9439045551377673,0.8423469186045816,0.0006,,,0.7137938742865099,0.830543965286251
62,0.999772546253086,0.9088596606643325,0.993503647003718,0.9090323491965309,0.9565601666518444,0.9123749243591202,0.9978735743282428,0.9090323491965309,0.9977103281232259,0.9108259992606192,0.9883825936105548,0.839277872976047,0.014621654535708307,0.8397070574803253,0.9467092624319204,0.8397070574803253,0.0008999999999999999,,,0.7140904248742654,0.8353135970418128
63,0.9997420367423281,0.8821631709585396,0.991357681007317,0.8824305776709858,0.9254547074012317,0.8905825022690705,0.9925575101488499,0.8824305776709858,0.9964614161904403,0.8793726366354253,0.8805688686137575,0.8396650416855671,0.014053175937603957,0.8401287643628932,0.9488600848996388,0.8401287643628932,0.0008999999999999999,,,0.7120774069363452,0.8278221249910215
64,0.9997133970185528,0.8386855497530727,0.9924633383678446,0.8390755831334721,0.9068805398749195,0.8825447870250758,0.9957471486564856,0.8390755831334721,0.9964614161904403,0.840319242411234,0.9257962435157053,0.8195340808125591,0.015925594400307632,0.8201737624041127,0.9338815454291433,0.8201737624041127,0.0008999999999999999,,,0.7083938056187746,0.7906014161489072
65,0.9997980238783802,0.8184314521069685,0.992413769448472,0.8188934360359911,0.9645859608706168,1.0,0.9925575101488499,0.8188934360359911,0.9964614161904403,0.8128567863089564,0.8983544262225747,0.8145135717430868,0.016992672688578084,0.8152228996421482,0.9346177436859684,0.8152228996421482,0.0006,,,0.7074261737085752,0.7770864998090851
66,0.999697696668884,1.0,0.9897324806479411,1.0,0.9935592307324976,1.0,0.9925575101488499,1.0,0.9964614161904403,1.0,0.9412748637757543,0.8912599532860718,0.01694861472445523,0.8913439870229292,0.9394160217236089,0.8913439870229292,0.0008999999999999999,,,0.7146801356086055,0.8900976208264858
67,0.9998726534298743,1.0,0.9937929150997667,1.0,0.9470946050027148,1.0,0.9957471486564856,1.0,0.9977103281232259,1.0,0.9941157000505534,0.8866731214918498,0.012630977461212998,0.8868328016072783,0.9468407931288925,0.8868328016072783,0.0008999999999999999,,,0.7225841580958197,0.8931907058143692
68,0.9996825513486796,1.0,0.991318718222354,1.0,0.9217584740038052,0.9914169462120768,0.9946839358206071,1.0,0.9964614161904403,1.0,0.9409963334688524,0.8677036667474023,0.022930420022092907,0.8680482758538067,0.9400325602762029,0.8680482758538067,0.0008999999999999999,,,0.7169440461931786,0.8647582679065211
69,0.9997312652777458,0.9840763624559682,0.9925723920912451,0.9840993976851844,0.9123199403038351,0.9753631398249243,0.9946839358206071,0.9840993976851844,0.9964614161904403,0.9788039650149908,0.8982554051054328,0.8491020524773664,0.018379342077101346,0.8496285505143746,0.9360818896165716,0.8496285505143746,0.0006,,,0.7144434828148692,0.8288227672402735
70,0.9997564490861734,0.9500468267608926,0.9905240882094182,0.9501438214891904,0.9023625948588054,0.9768529598786038,0.9904310844770926,0.9501438214891904,0.9954206562464522,0.9341914455265401,0.986253900064187,0.8331151860131227,0.01570369112909762,0.8337456556403894,0.9255527645541054,0.8337456556403894,0.0008999999999999999,,,0.7113464278198808,0.8117610164917141
71,0.9997453637948962,0.9204586796782711,0.9945924421332025,0.9206618564222737,0.9672199435109009,0.9926336675123626,0.9978735743282428,0.9206618564222737,0.9964614161904403,0.9204587895237991,0.9670972591877606,0.8275184539344738,0.015707712363888543,0.828213747883978,0.9273853839750356,0.828213747883978,0.0006,,,0.710004265174993,0.7976121442483769
72,0.9998404545535203,0.9848846787463812,0.9922018482015984,0.9849203631757899,1.0,1.0,0.9925575101488499,0.9849203631757899,0.9964614161904403,0.979551849927905,0.9013515808395739,0.8450346670016895,0.014061611389893236,0.8456133498981075,0.9433515685123787,0.8456133498981075,0.0008999999999999999,,,0.7122292987008055,0.8321684895046104
73,0.9997653250158608,1.0,0.9957954274144927,1.0,0.9352465861805662,0.9972065875129179,0.9989367871641215,1.0,0.9977103281232259,1.0,0.9431921092467946,0.8471770810620141,0.014953327705248107,0.8477566272075218,0.9500152166642879,0.8477566272075218,0.0008999999999999999,,,0.7140657876684229,0.8424399660942514
74,0.9997580881399747,0.9608186399213677,0.9923040877719383,0.9598578953635394,0.9177013325069883,0.9689237277414204,0.9957471486564856,0.9598578953635394,0.9964614161904403,0.9673495104431454,0.8755423618424755,0.8340302571440479,0.014531806863395278,0.8347747641975649,0.9421512295967807,0.8347747641975649,0.0006,,,0.7099690045868148,0.820171295865821
75,0.9996941781484049,0.9297412229636562,0.9952950293527358,0.9289430269607494,0.8943200250973856,0.9445112247095507,0.9978735743282428,0.9289430269607494,0.9964614161904403,0.938739615208831,0.8588487407144318,0.8211667126718929,0.023816005562207133,0.8219989625052264,0.9379647879081471,0.8219989625052264,0.0008999999999999999,,,0.7086092116478385,0.790143936548184
76,0.9997150238293719,0.8861229552483392,0.9893526147523412,0.8855146961554883,0.9115922425089173,0.9506722079548391,0.9914942973129711,0.8855146961554883,0.9954206562464522,0.8779500655201053,0.9887511569622425,0.8078217743440631,0.015768080383612156,0.8088673456307214,0.9245807756953562,0.8088673456307214,0.0006,,,0.704756088271718,0.7757020493540719
77,0.9998109294489524,0.9016118053401792,0.9965488932925437,0.9009336693395003,0.9038233210687638,0.9450076507839689,0.9989367871641215,0.9009336693395003,0.9964614161904403,0.8963644559889337,0.9996452371772916,0.8091995151029018,0.016591584255391516,0.8102151304116554,0.9258260396078652,0.8102151304116554,0.0008999999999999999,,,0.7064160482690328,0.7770864329695012
78,0.9998510269890661,0.9027649027418471,0.9903030585088144,0.9020899341025967,0.9043995039253387,0.9476964781336646,0.9914942973129711,0.9020899341025967,0.9964614161904403,0.903035113478057,0.94488992701023,0.8114935350073599,0.01584524697809788,0.8124524531480061,0.9296024229266409,0.8124524531480061,0.0008999999999999999,,,0.7052506406238592,0.7792231663038415
79,0.9998170390781367,0.8968537510341871,0.9923268359071703,0.8962633333932332,0.9038498132274629,0.9242224147129372,0.9914942973129711,0.8962633333932332,0.9964614161904403,0.896997171503957,0.8957147448606702,0.8066330878848811,0.020337312097517844,0.8076693147143356,0.931645037265732,0.8076693147143356,0.0006,,,0.704452530772209,0.7657089159206623
80,0.9998693488864087,0.8883607169714572,0.9919164807265469,0.8877965542374391,0.893600048258794,0.9430205331736288,0.9946839358206071,0.8877965542374391,0.9964614161904403,0.8912523910087368,0.9978457811660211,0.8008098530510526,0.00924463809148764,0.8019409298876368,0.9244462637740702,0.8019409298876368,0.0006,,,0.7031422382743286,0.7674567797084719
81,0.9997654952296086,0.8647224646411233,0.9956609075384357,0.8642608458406503,0.9030167721023791,0.9332598425645163,0.9957471486564856,0.8642608458406503,0.9964614161904403,0.8702074438354822,0.9847769075714835,0.8018765300261113,0.013291352125798064,0.8029987911868054,0.9236010072240493,0.8029987911868054,0.0006,,,0.7010089726895442,0.7685073065707998
82,0.9998097403010417,0.8924852764777199,0.9906368780423744,0.8919123699457412,0.9061543140737146,0.9238139673520636,0.9925575101488499,0.8919123699457412,0.9964614161904403,0.8953778738403129,0.9056393853658616,0.8048114017258906,0.00986728010354414,0.8058818525870879,0.9307868638282165,0.8058818525870879,0.0006,,,0.7005924004843358,0.7713076068154868
83,0.9998044001312811,0.8870854176408293,0.9914389422287337,0.8865721307093601,0.9020154910363112,0.9235542711494319,0.9925575101488499,0.8865721307093601,0.9964614161904403,0.8899025650074973,0.894940708124173,0.8055283584469523,0.020725553871256325,0.806649191389033,0.9299173991760978,0.806649191389033,0.0008999999999999999,,,0.7017399518060088,0.7721995724642405
84,0.9997519918588309,0.8764685140527722,0.9959484850177234,0.8760055747437828,0.9006463928498125,0.9445829503274205,0.9957471486564856,0.8760055747437828,0.9964614161904403,0.8820444554675578,0.9898110514303691,0.7996870033927094,0.018465487729420846,0.8008561128928493,0.9226674071072564,0.8008561128928493,0.0008999999999999999,,,0.7006629216606922,0.7737765281986926
85,0.999688651242563,0.8780273218585877,0.9943811597863119,0.8775805290632006,0.8910687879181471,0.945797339236869,0.9957471486564856,0.8775805290632006,0.9964614161904403,0.8835872547655009,0.8870275554279237,0.8017158640717706,0.017438315326194283,0.8029143300072002,0.9301279902912776,0.8029143300072002,0.0006,,,0.6991654768101734,0.7675167207254155
86,0.9998845789821169,0.864790897721341,0.9913414542418227,0.8644205320900381,0.9026850865287183,0.9278715880201195,0.9925575101488499,0.8644205320900381,0.9964614161904403,0.8643081859953303,0.8723578295353405,0.8034149367392905,0.018675398638141234,0.8045807910118928,0.9324926754644153,0.8045807910118928,0.0006,,,0.6976822718125727,0.7692000933001405
87,0.9997990051339586,0.8747963028568816,0.9896906950172885,0.8743629485077038,0.9119296277933641,0.9256078144551391,0.9914942973129711,0.8743629485077038,0.9964614161904403,0.8714797843953341,0.9473688921220356,0.7977143153969325,0.017144966277000833,0.7989650210913343,0.9261591816673233,0.7989650210913343,0.0006,,,0.6993985131333259,0.7627975555348173
88,0.999660686979606,0.8763008530062388,0.9949494145152016,0.8758838626634569,0.9395937480431703,0.9269713078509966,0.9957471486564856,0.8758838626634569,0.9964614161904403,0.8847821098839656,0.9114953889402249,0.799639890819632,0.018310698418833607,0.800874083356595,0.9298286441316266,0.800874083356595,0.0006,,,0.6980529600472672,0.7646639478496153
89,0.9997840591773208,0.8882155410798527,0.9966478025897015,0.8877809750911574,0.9601074607002855,0.9391671361860096,0.9989367871641215,0.8877809750911574,0.9977103281232259,0.896812094812745,0.9867264774811164,0.8014700330814825,0.012061020249121897,0.802736422416117,0.9292408325932766,0.802736422416117,0.0006,,,0.6997163104857529,0.7748829508527149
90,0.9997150700743695,0.9067369542407675,0.9908763208954732,0.9062208421088593,0.9289382109862171,0.9638170757459996,0.9925575101488499,0.9062208421088593,0.9977103281232259,0.9065209712648045,0.9705313226485964,0.8106153083246105,0.016897652801738425,0.8118809924008898,0.9369108631923807,0.8118809924008898,0.0008999999999999999,,,0.701157247983422,0.7928864831449183
91,0.9998285805393915,0.8975410146826589,0.9911015361938249,0.8971002256575543,0.9084097447455898,0.9174593602713437,0.9925575101488499,0.8971002256575543,0.9964614161904403,0.8971748451275204,0.8944346201350368,0.8117574862180624,0.014514749842129646,0.8129670074265937,0.946148821625443,0.8129670074265937,0.0008999999999999999,,,0.702305251363918,0.7940766559987469
92,0.9998428989162527,0.8792107253386378,0.9898041465028661,0.8788964800756847,0.8937685035041114,0.928241522610807,0.9914942973129711,0.8788964800756847,0.9964614161904403,0.8786434861898462,0.8919793899062956,0.7989694426643006,0.024889883938095745,0.8002942363930644,0.9335938295204403,0.8002942363930644,0.0006,,,0.6985933963699223,0.7633827365621539
93,0.9998567506263354,0.8600558173779935,0.9916879082283767,0.8597876834645113,0.8866576610793826,0.9047893655364239,0.9925575101488499,0.8597876834645113,0.9964614161904403,0.8592415264967108,0.8968165341000093,0.7926086412915128,0.020552818024490736,0.7940135593139116,0.9290195488456423,0.7940135593139116,0.0006,,,0.693867799465802,0.7562557899827481
94,0.9997714205784292,0.8417636550358079,0.9952773071099517,0.8415917274557825,0.9282126452080027,0.9279927795813475,0.9957471486564856,0.8415917274557825,0.9954206562464522,0.8315417150453163,0.9831335472978203,0.7865498435922975,0.024185424633524723,0.7880144195001096,0.9206561574027612,0.7880144195001096,0.0006,,,0.692652891379532,0.749751854984083
95,0.9997372688952962,0.8753462115372023,0.9900540241455942,0.8750547599722766,0.9475552961709958,0.9540231722892037,0.9925575101488499,0.8750547599722766,0.9964614161904403,0.8776796067820142,0.9430283891412578,0.7957893439815803,0.00587954024873425,0.7972524358963609,0.9305184395423134,0.7972524358963609,0.0006,,,0.6969051826961827,0.7679973851046148
96,0.9998303824974758,0.883388564885927,0.9893184995489576,0.8830799677006481,0.9342724829643406,0.9299360844989989,0.9904310844770926,0.8830799677006481,0.9964614161904403,0.8795382702996258,0.8459133642442916,0.8057174127466087,0.010042879772343407,0.8070702992561426,0.9424700725974138,0.8070702992561426,0.0006,,,0.6953758676986566,0.7784250117738153
97,0.9996731020850673,0.8988544410151226,0.9946270116819028,0.8985150068792631,0.8990358985945316,0.9153450445209401,0.9946839358206071,0.8985150068792631,0.9964614161904403,0.901330927305377,0.828727360811518,0.810804362624267,0.020736069132039386,0.8121900843773174,0.9459262817638423,0.8121900843773174,0.0008999999999999999,,,0.6964637472557204,0.7833457853890019
98,0.9996672364145751,0.8550685122532695,0.9946908846819266,0.8548734365092681,0.8966514667370165,0.9011345389785719,0.9957471486564856,0.8548734365092681,0.9964614161904403,0.8602364987886681,0.9451040389617437,0.7939012170144039,0.01013174880070868,0.7954452062589927,0.9274550618527144,0.7954452062589927,0.0006,,,0.692995551967213,0.7654762951822205
99,0.999872667769467,0.8437262180149077,0.9896846068290998,0.843615069079121,0.9073367202903478,0.9157368854579708,0.9914942973129711,0.843615069079121,0.9954206562464522,0.8393381323548518,0.9869467294438101,0.78716291104965,0.018219243092035032,0.7887068813697806,0.9224373926602538,0.7887068813697806,0.0006,,,0.6907070041767974,0.749549028077247
100,0.9996639129870668,0.8513946334610145,0.99417583376058,0.8512751405665147,0.9404611993911544,0.9329174675708429,0.9946839358206071,0.8512751405665147,0.9964614161904403,0.8564727791961795,0.9182506909488226,0.7895886045557858,0.01789488900247868,0.7911400821609602,0.9285027918493862,0.7911400821609602,0.0006,,,0.6897215159430975,0.7519448471864131
101,0.999815826916564,0.8720927073805674,0.989081826191537,0.8718980354569429,0.980073472490106,0.9414305564228231,0.9925575101488499,0.8718980354569429,0.9964614161904403,0.8741942425331101,0.9046977216489338,0.7986487147629664,0.019051891373722585,0.800153467760389,0.9383107596515825,0.800153467760389,0.0006,,,0.693684263583746,0.7786781600642038
102,0.9996930722767302,0.9142978319893893,0.989920221257533,0.9140104152497198,0.9318618111397636,0.9238302204477383,0.9946839358206071,0.9140104152497198,0.9977103281232259,0.9135923814826322,0.897890700189488,0.8095492353568989,0.011092710404219256,0.8109453302551926,0.9488264952759583,0.8109453302551926,0.0006,,,0.6959976746094155,0.7987188504399939
103,0.9998307241500815,0.8870849288331133,0.9925547775175484,0.8868379498927919,0.9016761003794553,0.8886023422287219,0.9925575101488499,0.8868379498927919,0.9964614161904403,0.8861003494632382,0.8510293601783093,0.802423760682625,0.023019163142608552,0.8039536218271649,0.9433102910267354,0.8039536218271649,0.0006,,,0.6939880471126664,0.7822517497284953
104,0.9997350661030174,0.8436959119365256,0.9886790091717022,0.8436228586522619,0.8973559963274964,0.8975457847879201,0.9904310844770926,0.8436228586522619,0.9954206562464522,0.839083466827744,0.9659589998820605,0.7880501978426065,0.013319659694296205,0.789689266721217,0.9263935823984272,0.789689266721217,0.0006,,,0.6897251324136792,0.7582490120700928
105,0.9998646454203322,0.8441617456897216,0.9956732038426602,0.8442766959477728,0.9079707624191404,0.9029615989293309,0.9957471486564856,0.8442766959477728,0.9964614161904403,0.8490855047586833,0.8839664760600023,0.7889845972086404,0.014231886789526586,0.7906063593877104,0.9309707193351738,0.7906063593877104,0.0006,,,0.6904773582948159,0.7503952957500416
106,0.9996856658276196,0.8228375090861769,0.9941043542380773,0.8229162258505694,0.972009795273112,0.938504645873174,0.9957471486564856,0.8229162258505694,0.9964614161904403,0.8308014082804682,0.9981215871878374,0.7825766832627753,0.014185971316368238,0.784326880339474,0.9236966399497658,0.784326880339474,0.0006,,,0.6886058347684317,0.7521751926766924
107,0.9998777789046238,0.9097538754629355,0.9970070925130757,0.9095299501487611,0.9891260413203833,0.9424078621323183,0.9989367871641215,0.9095299501487611,0.9987510880672144,0.9185588527990756,0.8366426045881173,0.8101816310493601,0.0029061955074743667,0.8116755300987298,0.9539534868575099,0.8116755300987298,0.0008999999999999999,,,0.6943130774062582,0.7898959067691246
108,0.9996569331552536,0.9121749400794938,0.991487966214174,0.9119490994573196,0.9418750762374198,0.9164820545618484,0.9925575101488499,0.9119490994573196,0.9987510880672144,0.914417576756516,0.915233333920602,0.8101629068215986,0.017215815264198613,0.8116659458513986,0.9553335274906932,0.8116659458513986,0.0008999999999999999,,,0.6949346582876057,0.7987642968852817
109,0.9997623085110522,0.8870316487920867,0.9900830793717318,0.8869523592482983,0.9097056403861865,0.9040328899312071,0.9914942973129711,0.8869523592482983,0.9977103281232259,0.8856073051578495,0.8380546279212441,0.8039996158513272,0.018898998420778728,0.8056104985845265,0.9487330256325879,0.8056104985845265,0.0006,,,0.6902160682952386,0.7833887620286788
110,0.999679088953149,0.8475985527397967,0.9942754114084182,0.8476695418989388,0.888147041584562,0.9079417594410212,0.9957471486564856,0.8476695418989388,0.9977103281232259,0.8524864740363949,0.9016942809151398,0.7891923757360585,0.012565658046306683,0.790943605090673,0.9340343329680687,0.790943605090673,0.0006,,,0.6853105519796446,0.7586726790755213
111,0.9997831931025627,0.8227074862337633,0.9872757839312181,0.8229318049968513,0.9871794225335918,0.8470862826243525,0.9904310844770926,0.8229318049968513,0.9964614161904403,0.8205220020816327,0.8300126018562775,0.7907682309047608,0.015339949392092723,0.7924878669418943,0.9372340604772808,0.7924878669418943,0.0006,,,0.6833999253650883,0.7512656409104014
112,0.999736068196366,0.8519978221823618,0.9913941097704287,0.8522493240574436,0.9491707860655261,0.9226377378846341,0.9925575101488499,0.8522493240574436,0.9977103281232259,0.8502882564826395,0.9792644415228556,0.787370689577068,0.0,0.7892124504164956,0.9299379303103852,0.7892124504164956,0.0008999999999999999,,,0.6877403681521846,0.7648659721390821
113,0.9997844968331979,0.7832362631796376,0.998178996358981,0.7835345782919855,0.9293258937482323,0.9006596659223313,0.9989367871641215,0.7835345782919855,0.9987510880672144,0.7908169463731864,0.9049113200975337,1.0,0.0096819586437403,1.0,1.0,1.0,0.0008999999999999999,,,1.0,1.0
114,0.999799295337259,0.8927599864140224,0.995886443399709,0.8927030116195386,0.9243663168754613,0.8951721261630508,0.9989367871641215,0.8927030116195386,0.9987510880672144,0.9014005161412727,0.958657527754694,0.9458111330890863,0.008109282732947691,0.9456220568974607,0.9669183995534011,0.9456220568974607,0.0006,,,1.0,0.9461459129555958
115,0.9996786808304748,0.8733069057467153,0.992577398673687,0.8733283958249333,0.9187598794593794,0.899279566102632,0.9946839358206071,0.8733283958249333,0.9977103281232259,0.8783587148543014,0.9026592077008074,0.9373755737211699,0.024148927776391566,0.937297796407506,0.9610110820690584,0.937297796407506,0.0006,,,0.996712554136351,0.9265080867987301
116,0.9997333335421003,0.8582682475611645,1.0,0.858387994540763,0.9062138832361244,0.9033703996183715,1.0,0.858387994540763,0.9977103281232259,0.856280299437319,1.0,0.9286967629785633,0.016168560760205345,0.9287426974460679,0.952809630261078,0.9287426974460679,0.0008999999999999999,,,0.9926224702012845,0.9274633144834865
117,0.9997465601036679,0.8589633321330897,0.9912904341373697,0.8590953851516173,0.9179464183838527,0.9113202833723997,0.9914942973129711,0.8590953851516173,0.9977103281232259,0.8569742136449031,0.9063796063692906,0.931474238470276,0.020565503656010727,0.9314691250025512,0.9585441437865405,0.9314691250025512,0.0006,,,0.9909658226042252,0.9196535913955834
118,0.9998532726207432,0.8344237183747458,0.9964994181899017,0.834677020748305,0.9165229779701076,0.8935987558360869,0.9978735743282428,0.834677020748305,0.9977103281232259,0.8424997357785958,0.9749823407577384,0.9230507705449614,0.01106030102327161,0.9231561249258398,0.9532539951099411,0.9231561249258398,0.0008999999999999999,,,0.9884862501194304,0.9104182083088004
119,0.999729807775244,0.8646916697550254,0.9960292925070968,0.8648158529269367,0.9155221079604029,0.870466714080866,0.9978735743282428,0.8648158529269367,0.9977103281232259,0.8730605861072062,0.8309782181409856,0.9367197907753673,0.019474174292923824,0.9367143662463483,0.9651059571885149,0.9367143662463483,0.0006,,,0.987310596393135,0.9141818737024642
120,0.9996886031492925,0.8532125093562256,0.9966095028414241,0.8533977992473992,0.9139651924809696,0.8762581160636338,0.9989367871641215,0.8533977992473992,0.9964614161904403,0.8476127878344791,0.9279366417004873,0.9284179485373977,0.014648081769914681,0.928554789300074,0.9547905929868763,0.928554789300074,0.0006,,,0.9888645010817454,0.9157393692516879
121,0.9996932904953149,0.8518761090611174,0.9947652638390995,0.8520818482349151,0.9015696450174293,0.8981369028110531,0.9957471486564856,0.8520818482349151,0.9977103281232259,0.8566045538003224,0.8930156919626976,0.9285402854860724,0.01174179397200263,0.928675838742437,0.957455089662128,0.928675838742437,0.0006,,,0.9845702401566404,0.9159037365034675
122,0.9996851331365618,0.8447883971814292,0.9910924127722156,0.8450225475760103,0.9191361343259937,0.8799182425439883,0.9904310844770926,0.8450225475760103,0.9964614161904403,0.8425155289895792,0.948527962857806,0.9247620653037477,0.01690872734691834,0.9250471705748512,0.954028488606764,0.9250471705748512,0.0006,,,0.9864209213355792,0.9111676447896252
123,0.9998671419513567,0.8261829090933898,0.9898646011657098,0.826484337197405,0.9168805860188073,0.8929362655232512,0.9914942973129711,0.826484337197405,0.9964614161904403,0.8236683058322365,0.9155124549782708,0.9230173412624747,0.022186116706968767,0.9232222798536429,0.9562804540371103,0.9232222798536429,0.0006,,,0.9851222378845169,0.9094798024233175
124,0.9997270510278372,0.845773344728848,0.998969510392969,0.8460648898319216,0.9153955794059726,0.8779364248561509,0.9978735743282428,0.8460648898319216,0.9977103281232259,0.853959190960599,0.9551198500039897,0.9236837931282198,0.011859189599622372,0.9239140914922652,0.9556898440950936,0.9239140914922652,0.0006,,,0.9854648233149181,0.9101429551412602
125,0.9997189747533359,0.8495772463735193,0.9965913245987229,0.8498301747488851,0.9154762984493878,0.8946477871634518,0.9989367871641215,0.8498301747488851,0.9964614161904403,0.843625989136851,0.8510945249162643,0.9259178649641916,0.020396713360988226,0.9261359117802925,0.9616797872322345,0.9261359117802925,0.0008999999999999999,,,0.9834963477186494,0.9124581574041937
126,0.9997817488286515,0.8450171591924426,0.9989123734936642,0.8452888536077634,0.8989053732770995,0.8831314088932831,0.9989367871641215,0.8452888536077634,0.9964614161904403,0.8389758755779195,0.83877550782925,0.9272066704932526,0.019496688557821804,0.9274224139933156,0.9647778699826034,0.9274224139933156,0.0006,,,0.9795751024484224,0.9030317710148592
127,0.9997668658170733,0.8340571125878654,0.9940404144899205,0.8343878328454505,0.9833833634903919,0.9115577199005199,0.9946839358206071,0.8343878328454505,0.9977103281232259,0.8385672262437234,0.9480443689505357,0.9186829147204779,0.01262788377639513,0.918999624887484,0.9568529972573703,0.918999624887484,0.0006,,,0.9810066318256957,0.9044742148251501
128,0.9999029659140996,0.8130843287320102,0.9892434875686787,0.8135370929406522,0.9917442359714278,0.9182653018199186,0.9883046588053355,0.8135370929406522,0.9977103281232259,0.8209538476944607,0.884243451190972,0.9211054708087681,0.02309940032369111,0.9214515798711669,0.9584982861053752,0.9214515798711669,0.0008999999999999999,,,0.9786291478359201,0.8958797072498694
129,0.9997216261294785,0.8763086739296924,0.9903265725946687,0.8764929099134079,0.9576895346902705,0.8949679024826139,0.9925575101488499,0.8764929099134079,0.9977103281232259,0.8740476617936701,0.8815486097366745,0.9324522227983438,0.010430110102689133,0.9326676552371126,0.9778387173362223,0.9326676552371126,0.0006,,,0.9896213302130901,0.9297264515427561
130,0.9998830126433027,0.8951883831463183,0.9955510291658703,0.8953120317734056,0.9323699817083395,0.9031439162634223,0.9989367871641215,0.8953120317734056,0.9977103281232259,0.8894164302319139,0.8357007244067669,0.9437883058679771,0.030828542581141802,0.9439062514295447,0.9863761667198498,0.9439062514295447,0.0008999999999999999,,,0.9916866589969412,0.9419875757246892
131,0.999658415442456,0.8695567729507865,0.9918235750457728,0.8698211405182609,0.9072973326076013,0.8832858133021947,0.9946839358206071,0.8698211405182609,0.9977103281232259,0.8707779735822583,0.8758506811385597,0.9352425009939876,0.01987320368404052,0.9355165397876145,0.9758352121110893,0.9355165397876145,0.0008999999999999999,,,0.9884302977711987,0.932648881906032
132,0.9998962083815325,0.8498822623882037,0.9914357479494079,0.850248377456885,0.9452044077070454,0.9580864462079293,0.9925575101488499,0.850248377456885,0.9977103281232259,0.8544986278232516,0.8141608938758881,0.9271063826457926,0.00735872340626984,0.927432970630731,0.9718052753121438,0.927432970630731,0.0006,,,0.9810167752338547,0.9127216248581976
133,0.9997095657325613,0.8064546296820645,0.9909072868784496,0.8069719433278707,0.9899177285970202,0.9345463104200016,0.9914942973129711,0.8069719433278707,0.9964614161904403,0.8033636654238298,0.9029341912932519,0.9181053705209208,0.016245071004688624,0.9186364765603943,0.9608499163977312,0.9186364765603943,0.0006,,,0.9772898907522221,0.9029012385118985
134,0.9997246251542962,0.9029178995569052,0.9987227684858364,0.9030865126163056,0.9432919411463303,0.8912081374592089,0.9989367871641215,0.9030865126163056,0.9964614161904403,0.8970203677825889,0.8162966815909064,0.9583798320427496,0.015166821931828146,0.9590705091888492,0.9794523882330446,0.9590705091888492,0.0006,,,0.9921980830921819,0.9525555091500907
135,0.9998064020539745,0.9177962288116603,0.9990569383872249,0.9179280836912513,0.9278366452183016,0.8870897443464555,1.0,0.9179280836912513,0.9977103281232259,0.9156440182969474,0.9082462986369507,0.954334888861861,0.015520822812877018,0.9544523322075267,0.9819675810215536,0.9544523322075267,0.0006,,,0.9972288863323138,0.9526618071549406
136,0.9997632365918195,0.8683347536611851,0.9929714002153323,0.8686575730303449,0.9216451636915158,0.8595962196996912,0.9946839358206071,0.8686575730303449,0.9977103281232259,0.8693052566580541,0.9908392235699365,0.9341414684559156,0.016554973238159694,0.9344714326834903,0.965197763323224,0.9344714326834903,0.0008999999999999999,,,0.9930619088192679,0.930659808824597
137,0.9998928473810147,0.8584515504546046,0.9917274436181838,0.8588441714178245,0.9178489541868534,0.8944046973846619,0.9925575101488499,0.8588441714178245,0.9977103281232259,0.8593338180733952,0.8793158090498713,0.9257727676529681,0.026833169732047253,0.926234440396165,0.9646930019675167,0.926234440396165,0.0006,,,0.9854595880074801,0.9105842029631499
138,0.9997074324722451,0.8340419595486744,0.9942966471292881,0.8345017553526355,0.9669504304892674,0.9108012442953033,0.9978735743282428,0.8345017553526355,0.9977103281232259,0.8421142827230316,0.9946855402814896,0.9178052182398702,0.006731195580191484,0.9184387155528125,0.9512230073398453,0.9184387155528125,0.0006,,,0.9825762424366168,0.901237857555061
139,0.999727600916626,0.806432144527136,0.9962683920246217,0.8070405889411745,0.9814210586232321,0.893355666057297,0.9978735743282428,0.8070405889411745,0.9977103281232259,0.8142372911859167,0.9597241957452807,0.9144039665621824,0.0017098094678317695,0.9151168936461008,0.9413238618407923,0.9151168936461008,0.0006,,,0.9772741848299114,0.8974431880002139
140,0.9999153171240663,0.8633626015756549,0.9970764031703001,0.8637662079462058,0.941330783361091,0.8606399511045535,0.9978735743282428,0.8637662079462058,0.9987510880672144,0.8717186567114584,0.9726471499611141,0.9268730889297154,0.010014919503945464,0.9274554914572172,0.9571237791864077,0.9274554914572172,0.0008999999999999999,,,0.983649807667893,0.9217567754696545
141,0.9999537020910189,0.8817388388449652,0.997150661423222,0.8820454150178776,0.9183884851239197,0.8420237966497873,0.9989367871641215,0.8820454150178776,0.9987510880672144,0.8902727183899213,0.8247167796837631,0.9389204333288523,0.0066351361959746035,0.9394414975786592,0.9751170300792114,0.9394414975786592,0.0008999999999999999,,,0.9854186871681305,0.9348619716042916
142,0.9999496060696947,0.8386093788454887,0.9980211718005363,0.8391122089553823,0.902997401395654,0.8773071473909987,1.0,0.8391122089553823,0.9977103281232259,0.835490017791172,0.9916014519383444,0.9193721269487672,0.0057490585719101725,0.9201101831435837,0.9528129774443314,0.9201101831435837,0.0006,,,0.9770238716930854,0.9135940704420347
143,0.9999204663520841,0.8174757772511217,0.9931808365130484,0.8180784140817738,0.9513608582392877,0.8853453631867383,0.9925575101488499,0.8180784140817738,0.9977103281232259,0.817861339568769,0.9816072266495447,0.9103810724825041,0.0049294158581986965,0.9111701188043938,0.9450042209413501,0.9111701188043938,0.0006,,,0.9738695989623604,0.8923740273892778
144,0.9997141739779764,0.7946777853843178,1.0,0.7953640188030247,0.9716584879927754,0.8995774217472828,0.9989367871641215,0.7953640188030247,0.9964614161904403,0.7872545902207382,0.9346071571570768,0.9101698278676457,0.006981823699449748,0.9109603936077451,0.947918806155394,0.9109603936077451,0.0006,,,0.9700861077190681,0.8919515974579608
145,0.9998777869943304,0.846224025442853,0.9970118069579845,0.8467493985716747,0.9971586214241538,0.009179488122954703,0.9978735743282428,0.8467493985716747,0.9987510880672144,0.850612510845643,0.8370349715064233,0.9224952754466187,0.003229386351670489,0.9231997590271566,0.9624990318208477,0.9231997590271566,0.0006,,,0.9717885642562002,0.9051367134358714
146,0.9999013550270925,0.8530438706942606,0.9976286744036553,0.8535346036256856,0.952676075409425,0.879184026613283,0.9957471486564856,0.8535346036256856,0.9987510880672144,0.8575215471130475,0.9673872409647706,0.9235614561795451,0.007091306638396101,0.9242554227686963,0.9618445592684821,0.9242554227686963,0.0006,,,0.9778418884800986,0.91778744701801
147,0.9998809854765773,0.8761938041164697,0.992666736716476,0.8766521093144742,0.9180015938273114,0.8820159518705513,0.9914942973129711,0.8766521093144742,0.9987510880672144,0.8693896516292466,0.9834919942472998,0.9304969654035377,0.014116333995129956,0.9310517859367292,0.9900827318732697,0.9310517859367292,0.0006,,,0.9820242447087403,0.9366883343086702
148,0.9997265523216551,0.8450401331550872,0.9988443830150269,0.8455853442354374,0.9178734629935141,0.8590496210255809,0.9978735743282428,0.8455853442354374,0.9987510880672144,0.8532188841957511,0.8888588900449823,0.9219390690869467,0.022856866759575264,0.9227050046202884,0.9751921167259014,0.9227050046202884,0.0006,,,0.9738437496318925,0.9158959059205299
149,0.9999267985231839,0.8055151412522189,0.9932832457127178,0.8062343681210955,0.9183371263209429,0.8468159865767156,0.9925575101488499,0.8062343681210955,0.9977103281232259,0.8056462779487776,0.8786304682844088,0.91251485647102,0.018359553441274153,0.9132589254609907,0.9662476690994648,0.9132589254609907,0.0006,,,0.9653874192944637,0.8946120277157793
150,0.9997791441935706,0.8196524380097597,0.99982215084674,0.8203300875678038,0.920894516086267,0.8507686687792184,1.0,0.8203300875678038,0.9977103281232259,0.8160954611656851,0.8280092082595567,0.9145483526120716,0.020333577353047295,0.915304098016267,0.9675594666917511,0.915304098016267,0.0006,,,0.9625502098703869,0.8853696822865693
151,0.9999802991137529,0.8100449223549134,0.9965964328286229,0.8107834788353581,0.9214587435076868,0.8473403255763146,0.9957471486564856,0.8107834788353581,0.9987510880672144,0.8178850293852442,0.9273785112164282,0.9050686616124436,0.0179176064583714,0.9059241737847726,0.9585590883627436,0.9059241737847726,0.0006,,,0.9642680451231148,0.8863326082023026
152,0.9997755494752648,0.8092887368185081,0.9964185828136849,0.8100532063534024,0.9005683651055217,0.8527614396402281,0.9957471486564856,0.8100532063534024,0.9987510880672144,0.813242318893961,0.9025627960855973,0.9067465270887435,0.01886248664059652,0.9076617963033471,0.9611151532555432,0.9076617963033471,0.0006,,,0.9607348670166469,0.8877978000228985
153,0.9999430201208506,0.8116941595881596,0.9984083146204117,0.8124188023466175,1.0,1.0,0.9946839358206071,0.8124188023466175,0.9987510880672144,0.8118155009891773,0.8931823005271998,0.9086142993400207,0.019130934857320873,0.9095204682642848,0.9628179003356829,0.9095204682642848,0.0006,,,0.9578259993220276,0.8898596886116488
154,0.9998702337501767,0.7740637863918894,0.9919481629942116,0.7749772453484289,0.9840503986158313,1.0,0.9914942973129711,0.7749772453484289,0.9977103281232259,0.7699264765448635,0.9598458571449172,0.9017456486810014,0.019010736681665953,0.902790260024055,0.9565179762153151,0.902790260024055,0.0006,,,0.9568905153243993,0.8814933431661114
155,0.9998271479904451,1.0,0.9915531927240723,1.0,0.9570671384893275,1.0,0.9925575101488499,1.0,0.9987510880672144,0.9980875408574761,0.9524879406991329,0.9904648306166707,0.014383628273383508,0.9906524494565796,0.9881751329801107,0.9906524494565796,0.0006,,,0.9894269694244957,1.0
156,0.9998415907514525,1.0,0.9976532764556977,1.0,0.9417928409054511,0.9974765123000128,0.9978735743282428,1.0,1.0,1.0,0.8460237220258011,1.0,0.01303645650716744,1.0,0.9970491356549988,1.0,0.0008999999999999999,,,1.0,1.0
157,0.9999227388340317,1.0,0.9984998178605146,1.0,0.9381601126258491,0.9884361261234964,0.9989367871641215,1.0,0.9977103281232259,1.0,0.95764937914669,1.0,0.016677084527840887,1.0,0.9781224965924412,1.0,0.0008999999999999999,,,1.0,1.0
158,0.9998753271856498,0.9822455760574027,0.9973949945243947,0.9823149722094747,0.9680403749284379,0.9963953417119319,0.9978735743282428,0.9823149722094747,0.9987510880672144,0.9990644338847533,0.8900583783852336,0.9939857857888799,0.015481452507631865,0.9939729309561793,0.9770509225768274,0.9939729309561793,0.0008999999999999999,,,0.9988067316792165,0.9941420083660936
159,0.9999723559288267,0.9613319383864553,0.9986209028351746,0.9614275600467547,1.0,1.0,0.9989367871641215,0.9614275600467547,0.9987510880672144,0.977792727328385,0.9270674849907274,0.9838207923131101,0.005081159957656736,0.9839202950869307,0.971439681917199,0.9839202950869307,0.0006,,,0.9949747767765296,0.9827353454666516
160,0.9997936273815891,0.957646889449911,0.9988939549786104,0.9577502834632335,0.9502037786161006,0.9815504050004326,1.0,0.9577502834632335,0.9977103281232259,0.9613297558018395,0.8881714553305843,0.9865114392974291,0.02562946111065155,0.98651278632399,0.980054723663633,0.98651278632399,0.0006,,,0.9970219314487924,0.9859092250590615
161,0.9997462260086926,1.0,0.9991751760703291,1.0,0.9308631556705197,0.9557384703169762,0.9989367871641215,1.0,0.9987510880672144,1.0,0.829406616875338,1.0,0.00440180437887773,1.0,0.9965519579855473,1.0,0.0008999999999999999,,,1.0,1.0
162,0.9997382488409927,1.0,0.9936164924120787,1.0,0.9242698006601658,0.9520150896251814,0.9957471486564856,1.0,0.9987510880672144,1.0,0.9267510010536554,1.0,0.013622553076258587,1.0,0.9810358756172343,1.0,0.0008999999999999999,,,1.0,1.0
163,0.99981146353951,0.9711478401017853,1.0,0.9710041638656521,0.9296691730710379,0.9708300003434531,1.0,0.9710041638656521,0.9977103281232259,0.9577174134015298,0.9486428017133905,0.9906985786397351,0.01677866495137547,0.9905269853186519,0.9708868745935815,0.9905269853186519,0.0006,,,1.0,0.9791571157021127
164,0.9998764450342218,0.9595498940289123,0.9988993856490302,0.9594635187431781,0.9612229652078706,0.9679941987035106,0.9989367871641215,0.9594635187431781,0.9987510880672144,0.9595499585665772,0.9041761590952263,0.9918529676160738,0.014946711665574413,0.9916330020496688,0.9722465995658616,0.9916330020496688,0.0006,,,0.9971359381004705,0.9804808196037144
165,0.9998752563199398,0.9391986124947306,0.9926220470108862,0.939446765806456,0.9768649052421263,0.9742713358112483,0.9925575101488499,0.939446765806456,0.9977103281232259,0.9257414272086125,0.9640237110213119,0.9725681914597821,0.0,0.9727108060441395,0.9676401805289254,0.9727108060441395,0.0006,,,0.9947152749188911,0.9588511083087278
166,0.9997202056092303,0.9802066933334704,0.9953810724609959,0.9802266760333547,0.9525822255086405,0.960379361390517,0.9946839358206071,0.9802266760333547,0.9987510880672144,0.9711657591753825,0.971535760429975,0.9843411505761773,0.005223917255004947,0.984266260307927,0.9747608390716649,0.984266260307927,0.0008999999999999999,,,1.0,0.9842539892613803
167,0.9997897445534905,0.9927474437873218,0.9911600706032861,0.9926532247592591,0.9294205377090348,0.9576030386753633,0.9914942973129711,0.9926532247592591,0.9987510880672144,0.9745080177147434,0.9258096930162608,0.9879324154986516,0.012076837732014477,0.987944045235712,0.9815643890387591,0.987944045235712,0.0008999999999999999,,,1.0,0.9878119561721843
168,0.9998712644846883,0.9811578757154643,0.9947151617149179,0.9810953506457519,0.9079291405505003,0.976286328289102,0.9946839358206071,0.9810953506457519,0.9987510880672144,0.9718376737848161,0.9021652931271926,0.9869551031603283,0.010502289277297275,0.9868730337480337,0.982089555270854,0.9868730337480337,0.0006,,,1.0,0.9867854253135517
169,1.0,0.9520705732554066,0.9955488895848136,0.9521428648759385,0.9259205076769184,0.9427333074780998,0.9946839358206071,0.9521428648759385,0.9987510880672144,0.9428029197891373,0.912194412078022,0.9787719019311902,0.009648711384398599,0.97883151008151,0.9721473356692221,0.97883151008151,0.0006,,,0.9961029108157746,0.9654254112073484
170,0.9999547756476529,0.9194053058282009,0.9926950207833943,0.9196995632133121,0.968306188755648,0.9618839863201807,0.9925575101488499,0.9196995632133121,0.9977103281232259,0.9054683726960481,0.8415199414006341,0.9776182664724601,0.01751340513921281,0.9777262381429048,0.9761726964568146,0.9777262381429048,0.0008999999999999999,,,0.994534541389578,0.9517795022324611
171,1.0,0.9419382188268973,0.9929620644533413,0.9421300422163431,0.9833515223635287,0.9638928390380562,0.9946839358206071,0.9421300422163431,0.9987510880672144,0.932548262907007,0.8625281713640459,0.96975380319175,0.024335296440857232,0.9699990168740169,0.9717765414290623,0.9699990168740169,0.0006,,,0.9926569963979872,0.9428644938858018
172,0.9998663753977085,0.9780250618689559,0.9919214680512656,0.9780385941721854,0.9519276516807214,0.9391776189807102,0.9925575101488499,0.9780385941721854,0.9987510880672144,0.9640701621693594,0.8458047114026639,0.9813745517512127,0.013458007090733031,0.9814151949568617,0.9848052725215739,0.9814151949568617,0.0008999999999999999,,,0.9981170838802373,0.9677326982012808
173,0.9998679438181598,0.9799883067736586,0.9953229551494785,0.9800093684367794,0.9138406514405187,0.9387704761471543,0.9957471486564856,0.9800093684367794,1.0,0.9751888688443359,0.943989644693727,0.9847653809898058,0.02144693336647062,0.9848136827303495,0.9841892127946068,0.9848136827303495,0.0006,,,0.9963496470161706,0.9838653823326734
174,0.9999201026471276,0.9609719200679943,0.9951789178649602,0.961139177064597,0.9536809117361508,1.0,0.9946839358206071,0.961139177064597,0.9987510880672144,0.9515908703002178,0.916668702558917,0.9749809548424433,0.009371235345702613,0.9752244804328138,0.9795408836897069,0.9752244804328138,0.0006,,,0.9934173467298222,0.9729462429600807
175,0.9999794023136379,0.9124588259193002,0.9984110387292218,0.9128135245392234,0.9282287162546937,0.9713304350060018,0.9989367871641215,0.9128135245392234,0.9977103281232259,0.898434772798626,0.8564135152159259,0.9750872008252526,0.014170586213502165,0.9752944909194908,0.9768526198792252,0.9752944909194908,0.0006,,,0.9878837419307211,0.9604864485247842
176,0.9998520673415755,1.0,0.9993541542384149,1.0,0.922650726797972,0.9835360051760003,0.9978735743282428,1.0,0.9987510880672144,1.0,0.8689573792161802,1.0,0.010901696342360682,1.0,0.9940726479499946,1.0,0.0006,,,1.0,1.0
177,0.9999085122852663,0.9794275415208551,0.9973230598096183,0.9794260968263417,0.9203148572091351,0.972151228971787,0.9957471486564856,0.9794260968263417,0.9987510880672144,0.9843991013561012,0.9916188546472249,0.998255665814514,0.01391583340335448,0.9978373396540199,0.9664744052561692,0.9978373396540199,0.0008999999999999999,,,1.0,0.987595060983858
178,0.9997392695733661,0.9615309509230099,0.9970221977578962,0.9616303338127706,0.9159708888863722,0.9430967399110789,0.9946839358206071,0.9616303338127706,0.9987510880672144,0.9612595679801307,0.9775010095964248,0.9880798698754409,0.012308979185944667,0.9877973943136633,0.9651478200177344,0.9877973943136633,0.0006,,,1.0,0.9635404333545896
179,0.9998197043400903,0.9593930152446544,0.9932362743727512,0.9595125665452283,0.9114963762047793,0.9882048268128952,0.9925575101488499,0.9595125665452283,0.9987510880672144,0.9592091707928773,0.9102232700104007,0.9893430880565454,0.013279830557142018,0.989151718531733,0.9692300418588224,0.989151718531733,0.0008999999999999999,,,1.0,0.9648183098424935
180,0.9999521432691242,0.9471987358835398,0.9979911995357661,0.9473994409161376,0.9212768139382475,0.9635785818473871,0.9989367871641215,0.9473994409161376,0.9987510880672144,0.9369868592617148,0.9842966757543231,0.9796360915521417,0.016823875949374647,0.9795513012082457,0.9624863912157499,0.9795513012082457,0.0006,,,0.9994378092306174,0.953998829681559
181,0.9998860488075931,0.9176636142581722,1.0,0.9181772257314486,0.9189118323536392,0.9668823786426644,1.0,0.9181772257314486,0.9977103281232259,0.9122601837821344,0.9858942257157003,0.9921458774516708,0.01386860431321483,0.9918847006989103,0.9661319358949524,0.9918847006989103,0.0008999999999999999,,,1.0,0.9673985802654309
182,0.9999732828080246,0.9537182902747398,0.9937288588402473,0.9539116896141147,0.9183791160680993,0.9681018439632564,0.9925575101488499,0.9539116896141147,0.9987510880672144,0.9532867041721635,0.859658100312708,0.9970886708342859,0.008314891035751303,0.9968746364198389,0.9752295568293864,0.9968746364198389,0.0006,,,1.0,0.9724551419911669
183,0.9999537697580229,0.9489314982680133,0.9932014339842818,0.9491855923588488,0.9190879700114579,0.9698202549753637,0.9914942973129711,0.9491855923588488,0.9987510880672144,0.9434358576629603,0.8415596580605922,0.9838098691133531,0.01385167201437192,0.9837214943648402,0.9739553910863719,0.9837214943648402,0.0008999999999999999,,,1.0,0.9452217532769116
184,0.9998066107134157,0.9316274376928505,0.9962243796123063,0.9319438564733179,0.9014054716631029,0.9694223922845605,0.9957471486564856,0.9319438564733179,0.9987510880672144,0.9359070917735234,0.9560706725847727,0.9745963051830433,0.01631991439085404,0.9746320853931455,0.9656833229736833,0.9746320853931455,0.0006,,,1.0,0.9480149282379343
185,0.9997446782825838,0.9335757177868357,0.9975227646034707,0.9338289209120564,0.9165775693996094,0.9492818065586568,0.9957471486564856,0.9338289209120564,0.9987510880672144,0.9380474695847929,0.8762855301625814,0.9760996964735351,0.02053148080950848,0.9761293702810622,0.9704710748294555,0.9761293702810622,0.0006,,,0.9987218083513122,0.9364945454166695
186,0.9998996288912738,0.8901853936523839,0.9980165383771561,0.8907600297864008,0.914713732267965,0.9400957877859353,0.9989367871641215,0.8907600297864008,0.9987510880672144,0.8991804841711464,0.9982364073003576,0.9682578904949182,0.02098827008263915,0.9684771722987848,0.9630241916281421,0.9684771722987848,0.0006,,,0.9979940259033957,0.9406274555312775
187,0.999947498977836,0.9211302884549034,0.9949901981803498,0.9215362653364192,0.9146755002129848,0.011705032724808506,0.9925575101488499,0.9215362653364192,0.9987510880672144,0.9152173534514066,1.0,0.9681378039402245,0.014766065895579068,0.9683113987560901,0.9621006080836465,0.9683113987560901,0.0006,,,0.9968511072369666,0.9404498096379754
188,0.9999146012648616,0.9175739588910155,0.9907846574916055,0.9180788844868435,0.917765306772165,0.011761639205207333,0.9914942973129711,0.9180788844868435,0.9987510880672144,0.9066361045210606,1.0,0.9678968610452302,0.019193651293268273,0.9681334583478766,0.9631677315937799,0.9681334583478766,0.0006,,,0.99233809687478,0.9402702924164134
189,0.9999795589242972,0.9284216836031014,0.9996283305547989,0.9288706925794087,0.9341397851569334,1.0,0.9978735743282428,0.9288706925794087,0.9987510880672144,0.9378030705995626,0.8593017225516264,0.9807184101155981,0.022585481719889642,0.9807512583200423,0.9754681981546219,0.9807512583200423,0.0006,,,0.9872101465779395,0.9408441798652925
190,0.999879474825895,0.9190193643294734,1.0,0.919516839313482,1.0,0.01199693591933386,1.0,0.919516839313482,0.9977103281232259,0.9131123873695884,0.9336729019341137,0.9828353205348779,0.015437046478162398,0.982890345364082,0.9708868721360229,0.982890345364082,0.0006,,,0.9844712137713417,0.9560658565727997
191,1.0,0.8957526471244887,0.9988378828883974,0.8963077338352569,1.0,1.0,0.998928814879735,0.8963077338352569,0.9987510880672144,0.8896924627587817,1.0,0.9712885364297189,0.020382962186371083,0.9714717420746178,0.9661624965817983,0.9714717420746178,0.0006,,,0.9850909848839343,0.9435680876581272
192,0.9997751797148522,1.0,0.9998399411181084,1.0,1.0,0.012235324176419553,1.0,1.0,1.0,1.0,1.0,1.0,0.0,1.0,1.0,1.0,0.0008999999999999999,,,1.0,1.0
193,1.0,1.0,1.0,1.0,1.0,0.012274210195448795,1.0,1.0,1.0,1.0,0.9943340087306803,1.0,0.0,1.0,1.0,1.0,0.0008999999999999999,,,1.0,1.0
194,1.0,1.0,1.0,1.0,1.0,1.0,1.0,1.0,1.0,1.0,1.0,1.0,0.0,1.0,1.0,1.0,0.0008999999999999999,,,1.0,1.0
